date,rv_1min,rv_5min,rv_optimal,bipower_variation,realized_kernel,two_scale_rv,min_rv,med_rv,pre_averaging,yang_zhang,overnight_adjusted,jump_test_stat
2024-01-01,0.5596360093681754,0.5261702614381218,0.5261702614381218,0.5434996194770834,0.5489682357898873,0.5416722247750729,0.5432459535253018,0.44824012643749445,0.12441751005725797,0.4245844009260121,0.5261702614381218,1.1561538037139576
2024-01-02,0.5525512054779318,0.5863981440153919,0.5863981440153919,0.559176699567806,0.622541890477261,0.5296300478009222,0.5503980316745369,0.4492523455744391,0.1414456616664202,0.4328172270534968,0.5863981440153919,-0.4907534262731367
2024-01-03,0.3471088833549434,0.36876239538930117,0.36876239538930117,0.33904680841733675,0.3543870030817488,0.4759381810763221,0.3347523935802125,0.26999679911336605,0.08975713582896552,0.44544060320011303,0.36876239538930117,0.9339629925236173
2024-01-04,0.4771048772408616,0.44838021218450635,0.44838021218450635,0.5039977670883502,0.4615232189747916,0.37592563376895743,0.5173658648524702,0.39913059466827927,0.10945112312256051,0.4387022098318951,0.44838021218450635,-2.357848142955617
2024-01-05,0.4546580250986922,0.39072607269639376,0.39072607269639376,0.4506119928364427,0.40935201643896163,0.5164356703501778,0.43247701647070663,0.3639598421977361,0.10575351923748527,0.42408590149257736,0.39072607269639376,0.3604370115303994
2024-01-06,0.5305338152447437,0.5382181647348157,0.5382181647348157,0.5197623566342712,0.5121564408474324,0.5008575332475956,0.5165105936604053,0.40215168051014083,0.10925803220695006,0.4489441918426253,0.5382181647348157,0.8176205212079816
2024-01-07,0.45889140074808904,0.4585638110517311,0.4585638110517311,0.44067561636506836,0.4628392251314535,0.45422195732587667,0.4122112350198637,0.34559214705180935,0.10804990942340888,0.45057003732335954,0.4585638110517311,1.582898930562292
2024-01-08,0.3300665983103431,0.33087933162647026,0.33087933162647026,0.32585917244492263,0.3382865365878703,0.3716896320178889,0.3219670474830012,0.25823159921473504,0.07425063199075911,0.4501420647301344,0.33087933162647026,0.5152993992762359
2024-01-09,0.6898332501570604,0.6344911639206807,0.6344911639206807,0.6610360109889062,0.6436048789431108,0.684472151597024,0.6395802424601877,0.5192589788365302,0.13935931736333776,0.4367486214146403,0.6344911639206807,1.6629054228628029
2024-01-10,0.3247744723312019,0.3298096281735982,0.3298096281735982,0.31736550554160653,0.3209854398885854,0.23250177398989674,0.3110328477514913,0.2534795194714043,0.07064192234614197,0.43138285576623014,0.3298096281735982,0.9175193017458165
2024-01-11,0.3493220293659632,0.33455691223596273,0.33455691223596273,0.3634658197609344,0.31110117671799753,0.2893892603153892,0.3708121624104962,0.28914115157757114,0.07307654768919947,0.4511631641866535,0.33455691223596273,-1.680605476460685
2024-01-12,0.7066415399164296,0.7438211780790148,0.7438211780790148,0.722562054232689,0.7766224214758823,0.7359421810480316,0.7518266868880564,0.5811316937274245,0.16830138447865434,0.4703578750207938,0.7438211780790148,-0.9269247739031932
2024-01-13,0.38709327280150635,0.43275836288238145,0.43275836288238145,0.3773818771530304,0.41999858542606566,0.5537758692913413,0.38042330335457936,0.2990001710142135,0.10608747951202152,0.4474038951785034,0.43275836288238145,1.0078720392351646
2024-01-14,0.4307997800413406,0.4149567072872463,0.4149567072872463,0.4129835380237453,0.42788867102853617,0.355475717151241,0.39684970108365814,0.3210322373714103,0.1000502565697175,0.4234975699743274,0.4149567072872463,1.6477363281331845
2024-01-15,0.7280627285043391,0.7539272125762048,0.7539272125762048,0.7188564138530065,0.7482776482741839,0.8881412489018176,0.7096040356090435,0.5886131370546795,0.1898919475700068,0.44193483186423116,0.7539272125762048,0.5111920634789364
2024-01-16,0.4846186963789207,0.5020141683174865,0.5020141683174865,0.48379363675461684,0.5288845390614834,0.5635949079039964,0.4782914591621716,0.38062304100274547,0.13119028601565297,0.4440697937991839,0.5020141683174865,0.06920491514263943
2024-01-17,0.9946992421629288,0.9677696558837287,0.9677696558837287,0.9758943070072588,0.9092027771289531,0.9623837771710091,0.9855554261839545,0.8096131204850587,0.20212904148114172,0.45510891486044663,0.9677696558837287,0.7618631130038607
2024-01-18,0.39776239671067976,0.4446508347640933,0.4446508347640933,0.36904064176217305,0.4462602261938931,0.25173239676429493,0.3556248963868603,0.286802628347711,0.10173933474978691,0.45672033362163855,0.4446508347640933,2.831646099641171
2024-01-19,0.6514008890639609,0.6434434013574379,0.6434434013574379,0.6611953405322964,0.680599370246032,0.6641668809553009,0.6916255347811481,0.5554000065870368,0.17441726812859995,0.4233519576617169,0.6434434013574379,-0.6163199149620845
2024-01-20,0.3325083177231497,0.35508994264713667,0.35508994264713667,0.33088344162878813,0.3505128838914095,0.36539693949100466,0.33484876245256495,0.2717752740282666,0.08595052862131984,0.4364950201859361,0.35508994264713667,0.19832475131052751
2024-01-21,0.4423095238329796,0.4732577436105839,0.4732577436105839,0.4493101143358308,0.5129126396181262,0.4443921984058522,0.4516827365018201,0.3595630033576545,0.11496665238956827,0.4428024758855355,0.4732577436105839,-0.6490129200479625
2024-01-22,0.48846126151300645,0.4505752088495066,0.4505752088495066,0.5034377372469151,0.4337633603877743,0.29596395623392746,0.521897512321159,0.418730565890543,0.08423282303990015,0.45281567670239253,0.4505752088495066,-1.2665094937583545
2024-01-23,1.005539195332028,0.8526469907790356,0.8526469907790356,1.0137598461889903,0.9568637823788079,1.0970673074400934,1.0042527705894662,0.8063538032978941,0.22565200306296856,0.4473158353365931,0.8526469907790356,-0.33396461900156343
2024-01-24,0.40832186731052433,0.451538295803503,0.451538295803503,0.4006327020920073,0.46284237338536033,0.5343564210699177,0.38931758029844643,0.31489820981996985,0.1138875848343879,0.439930163694072,0.451538295803503,0.7589089449825865
2024-01-25,0.31132106242724794,0.3251471875665636,0.3251471875665636,0.31165471067985,0.31496891041426506,0.29300935408467976,0.31196896340792946,0.25570698887497684,0.07264000470558833,0.46537783576023284,0.3251471875665636,-0.04362491851171432
2024-01-26,0.40839521238934956,0.39917509915275706,0.39917509915275706,0.40120867328945553,0.397672096833806,0.38387902291494763,0.3911504320884197,0.32165006392709505,0.07825481246422568,0.43294665754980205,0.39917509915275706,0.7096148842938398
2024-01-27,0.5626784681754449,0.6249370078774217,0.6249370078774217,0.5714433565800986,0.5519103714971333,0.45398575379163286,0.5746232974080688,0.4517648117755716,0.11523072333169417,0.430675065115166,0.6249370078774217,-0.6386709020653996
2024-01-28,0.4076533143933173,0.4266013637264326,0.4266013637264326,0.4045133854136286,0.44806922963355666,0.4496329550374402,0.39952376574149157,0.33360546128238566,0.10495053958288149,0.44064682562714036,0.4266013637264326,0.3121581459383902
2024-01-29,0.3112036032674953,0.32489316010639097,0.32489316010639097,0.31524156433896766,0.3094819164930863,0.19879426439370634,0.3146540984937666,0.2547261163042082,0.061501362780424555,0.42318524515103684,0.32489316010639097,-0.5313095003784453
2024-01-30,0.8402518486812659,0.9165382207135514,0.9165382207135514,0.8681365068739372,0.7895131136362665,0.7587332959517336,0.8909329095643252,0.6980276179726712,0.16870014890960153,0.4379959980767494,0.9165382207135514,-1.372538700158704
2024-01-31,0.6377332376266966,0.5473836919736924,0.5473836919736924,0.6407883514211882,0.6280963099759154,0.6094914628754038,0.6449708206122152,0.5272485685707063,0.15156140370849694,0.4508326413867751,0.5473836919736924,-0.1953659963231121
2024-02-01,0.4624709193326709,0.4474323904991286,0.4474323904991286,0.46206182309879135,0.47653368229945897,0.48920659710192016,0.4665089490037649,0.3773566173372754,0.11645234215226762,0.4492378762758372,0.4474323904991286,0.03597249358304554
2024-02-02,0.39784147858653585,0.42376695415073484,0.42376695415073484,0.40459363204086957,0.44028844792570204,0.4181485900567447,0.40905715268185816,0.3269444891915177,0.10426902166363379,0.4356791285746344,0.42376695415073484,-0.6963438275704106
2024-02-03,0.49410501279776936,0.5256412545542306,0.5256412545542306,0.4829085776038543,0.5357746122799247,0.6316748549884325,0.4773411169921999,0.3918043081320005,0.13450084728979622,0.4240587942771777,0.5256412545542306,0.9114513232798626
2024-02-04,0.43520695937238696,0.4224035780836982,0.4224035780836982,0.44222282683415853,0.46644346600204634,0.4531226423390022,0.4531558120376639,0.35401789418623403,0.11762203992845179,0.43935317079073827,0.4224035780836982,-0.6611404217189107
2024-02-05,0.3925315670064965,0.3610166021726458,0.3610166021726458,0.3720082082262615,0.3800245729477587,0.36364271729606085,0.3591323343769426,0.292457355557733,0.09165161765244802,0.43572570331069976,0.3610166021726458,2.0715287729937333
2024-02-06,0.5882278583959472,0.5537155064036771,0.5537155064036771,0.5886971111778408,0.5369235888342483,0.47087781762620745,0.5841373226049593,0.46657069298291237,0.11738847937276319,0.45804374958697497,0.5537155064036771,-0.03246804052499272
2024-02-07,0.3452662755023358,0.33337967735045576,0.33337967735045576,0.34673898774726997,0.3652298139640046,0.4383293697404377,0.35976640230215445,0.28388896956287946,0.09507830893625119,0.4276570090418236,0.33337967735045576,-0.17390441172701318
2024-02-08,0.32345565551448296,0.28060937596703445,0.28060937596703445,0.31581683914899816,0.2886308951586799,0.38938143960451754,0.3076727626677357,0.2588644603415035,0.06884590904971546,0.4281055476812398,0.28060937596703445,0.9494546258039417
2024-02-09,0.4594255397932471,0.45633115874800045,0.45633115874800045,0.4730407124142343,0.47771349077844494,0.32869478461761964,0.4792582828117001,0.3733835000874088,0.10060728183035463,0.44725964913031135,0.45633115874800045,-1.2235384741094497
2024-02-10,0.5153558848897526,0.4448923269183656,0.4448923269183656,0.5079175132746613,0.4398612465567164,0.35625398687770826,0.5003838341099538,0.41828173096052296,0.10005903217995989,0.44941540934123275,0.4448923269183656,0.5829706632150535
2024-02-11,0.7051155432716193,0.6735165236202322,0.6735165236202322,0.7018678092097358,0.7248547791320136,0.6682992313532259,0.7038872617902081,0.5578607273658355,0.15146339716019291,0.4404655319674921,0.6735165236202322,0.18695645594748186
2024-02-12,0.7571857966313904,0.7258893627371481,0.7258893627371481,0.7650494500323468,0.6950582073965295,0.8294253792251292,0.7613987374100126,0.6014819929922899,0.15743124342926476,0.45209374181405865,0.7258893627371481,-0.4247103486277486
2024-02-13,0.9392917696173279,0.8191970996463479,0.8191970996463479,0.9513038211370325,0.7945875601254535,0.6971907734305469,0.9850033114803646,0.7995515319141847,0.17737240629195927,0.44709781742375004,0.8191970996463479,-0.5236081733776112
2024-02-14,0.8487591154869772,0.8189608812985774,0.8189608812985774,0.8299310290875829,0.8610120097611115,0.8910908424441121,0.8184762974052238,0.6533010758992829,0.20210339667116628,0.4213571290207304,0.8189608812985774,0.8924819557485983
2024-02-15,0.713504298188628,0.6366154095180118,0.6366154095180118,0.6597247524297151,0.5930462482738994,0.49423485426806735,0.6480021546549515,0.538019696716469,0.12387880297202512,0.4393845893356125,0.6366154095180118,2.9509275619579447
2024-02-16,0.4357324303472393,0.3932394842582599,0.3932394842582599,0.4481350249228227,0.40379331455540673,0.48852678480938544,0.4585623644538109,0.3673272162766048,0.10531390166985545,0.42974474298961257,0.3932394842582599,-1.1744960098607902
2024-02-17,0.38295069813399824,0.3807769400693848,0.3807769400693848,0.3817302698564778,0.4125999662788464,0.4883268222285352,0.3798289145543661,0.301384432697426,0.1036841587364908,0.4523939947969584,0.3807769400693848,0.1294489213249924
2024-02-18,0.736837009533863,0.7526021764985675,0.7526021764985675,0.7439869924149761,0.761428935991966,0.5778932750307683,0.7240491772447624,0.5649456245106341,0.155437399270202,0.41780136085987213,0.7526021764985675,-0.39669544022050224
2024-02-19,0.3469650289215117,0.35420833882901376,0.35420833882901376,0.33907736057795984,0.37127501781791056,0.2702571574271584,0.3389315744915176,0.2793347080752905,0.07213002564425772,0.43316021544991384,0.35420833882901376,0.9143654522248865
2024-02-20,0.7949335783075945,0.8984731475220823,0.8984731475220823,0.7592232286902839,0.9274227920206342,0.7300735063092291,0.7175570771643995,0.6145563476745912,0.19982429910214144,0.44128718030992675,0.8984731475220823,1.7865652270899406
2024-02-21,0.4047936158988623,0.4145207574849724,0.4145207574849724,0.412133716835216,0.40510736326971347,0.42964091691011136,0.42141540948732426,0.33910902468475945,0.09507718579852277,0.461093387407353,0.4145207574849724,-0.7444058442111365
2024-02-22,0.5303146879706517,0.5530571675236733,0.5530571675236733,0.5421342398251828,0.5015604307823018,0.3763437119066043,0.5563735458726766,0.4348522718263884,0.09884482727905879,0.45005309499811474,0.5530571675236733,-0.9168577115656442
2024-02-23,0.38911803714111787,0.3580177063675209,0.3580177063675209,0.3849104838161527,0.3458066727237309,0.29565002883743097,0.3855625160538228,0.31013607149535066,0.0714444854012009,0.4573739072950505,0.3580177063675209,0.4375377119891036
2024-02-24,0.4167611128184803,0.4367293488237929,0.4367293488237929,0.4276790080432849,0.3978161137676506,0.42588922131467877,0.43203065218330977,0.34640347703686997,0.09742529649198463,0.430034217148518,0.4367293488237929,-1.0797545120370102
2024-02-25,0.49530890351865986,0.46650605617933255,0.46650605617933255,0.5033537973463714,0.45345778694726885,0.4484719087098874,0.5046958635888055,0.40951394042553435,0.10041038685426588,0.44130338248803946,0.46650605617933255,-0.6661599223778405
2024-02-26,0.33799387904001027,0.3851206105511535,0.3851206105511535,0.3533239791599273,0.3591578771936078,0.27677011378440824,0.36374595036851026,0.28164587529410207,0.0802300103423303,0.4539636081318601,0.3851206105511535,-1.8871078457048922
2024-02-27,0.37771741509080137,0.3634884235450666,0.3634884235450666,0.3719597646586224,0.3605175561945143,0.36577766560102426,0.3686863626932777,0.3027555248538236,0.0827610047648312,0.44835150056351974,0.3634884235450666,0.6154279145176934
2024-02-28,0.9167655912112026,0.83638767181253,0.83638767181253,0.85790024294565,0.924170594700521,1.0936287982306392,0.8285125529995611,0.7158682261551391,0.212407265086885,0.4267941463349523,0.83638767181253,2.528432249091564
2024-02-29,0.34993501266012195,0.3577644987766989,0.3577644987766989,0.34138790522886325,0.3420067081372652,0.2784481984239912,0.3405933648741712,0.28684074928130493,0.06837241553005427,0.4348530249207034,0.3577644987766989,0.9815602112254946
2024-03-01,0.3405634965688531,0.377654431627812,0.377654431627812,0.327999473784775,0.372028966212583,0.30721299704355015,0.3144483504877148,0.2571749877477017,0.08349532322895682,0.4179253034284103,0.377654431627812,1.4732161321435784
2024-03-02,0.36859486568713085,0.36957192706466624,0.36957192706466624,0.3570041810847504,0.3584234533266267,0.21790368224615744,0.3391979617301057,0.2876201648708888,0.06647557282053683,0.4278478832529689,0.36957192706466624,1.2592119976530103
2024-03-03,0.545177960406259,0.48179586803441904,0.48179586803441904,0.5640223649491946,0.4816992670039286,0.5152889517659742,0.5699881183291892,0.4414765624642501,0.10645197195529699,0.4230814808862847,0.48179586803441904,-1.4305645214641285
2024-03-04,0.31953562072742875,0.31763265933644536,0.31763265933644536,0.3080565397664406,0.314273371169036,0.262108277982073,0.306447278877751,0.24998299740606986,0.07033562790714104,0.42347423320131633,0.31763265933644536,1.4352835102189736
2024-03-05,0.7785939805069989,0.7490150620487276,0.7490150620487276,0.7829608671416732,0.7905583563267451,0.5946784291099013,0.7882856104607128,0.6170238180134967,0.18579119221555884,0.4424063339043045,0.7490150620487276,-0.22882248679795933
2024-03-06,0.666590318341022,0.6683278652276087,0.6683278652276087,0.6537441424543746,0.7393964830564737,0.5805710954035442,0.6386171810092321,0.5300517774464262,0.17240432012164864,0.4476761605044164,0.6683278652276087,0.7764820907675916
2024-03-07,0.5847432668808789,0.636118253110126,0.636118253110126,0.5428244242839362,0.5822747076411846,0.42023468094227234,0.5085259774812577,0.4371347701562649,0.10901267046525343,0.431833872542357,0.636118253110126,2.8119854609008237
2024-03-08,0.5082886327756857,0.43720375326932814,0.43720375326932814,0.49868251001291447,0.4275145027056002,0.2742156709161287,0.4861306584513932,0.38053016545025314,0.07658393219976403,0.43246341108176,0.43720375326932814,0.7616158731163404
2024-03-09,0.4727300238306994,0.4488892561600299,0.4488892561600299,0.4702028278798393,0.49081196453880044,0.5391442499790466,0.4643244685616906,0.37603806171165327,0.12845249218521576,0.44930724936697686,0.4488892561600299,0.21691267796597266
2024-03-10,0.4526889315641262,0.4439867825656512,0.4439867825656512,0.46455584728119764,0.4765690827283123,0.6136969000083135,0.4672514577447637,0.3670332520148529,0.11580151535501967,0.4478999067782424,0.4439867825656512,-1.0804756362866992
2024-03-11,0.577931513123264,0.5361880792194463,0.5361880792194463,0.5559267583791365,0.5338153341390013,0.4564766544432017,0.5294734277130625,0.4432175017233421,0.12083831533740917,0.43158046576685877,0.5361880792194463,1.5195471382099455
2024-03-12,0.3112810813476158,0.3162025432306408,0.3162025432306408,0.3078479078442312,0.32042066197133356,0.26341869618250624,0.2994208385996891,0.2365352149091217,0.06950389143605532,0.45649208244737816,0.3162025432306408,0.4462344160725065
2024-03-13,0.43243317225472766,0.40486834636236785,0.40486834636236785,0.42793411190331193,0.4092411631493416,0.34108929505201435,0.43086994902433284,0.3436902449732269,0.08033153580592352,0.4528646810501317,0.40486834636236785,0.4210748742309096
2024-03-14,1.0772383947071482,1.1858162126571152,1.1858162126571152,1.0762325697331456,1.1645274368575043,1.7476482832881728,1.0742749526222675,0.8820520296219788,0.30878231785381566,0.4460031138007792,1.1858162126571152,0.0379690220298363
2024-03-15,0.4502355662901986,0.44702516373028417,0.44702516373028417,0.46448233994719357,0.43971852482454443,0.3883631747350365,0.4687246533602,0.36875213501297244,0.09675975104516765,0.43625602289744186,0.44702516373028417,-1.3077229074057335
2024-03-16,0.3582595890829285,0.37394918782950937,0.37394918782950937,0.3401216089174906,0.36432972526128915,0.36561716186990306,0.3363815311058823,0.2693554941080051,0.07842458641050702,0.4619857092684739,0.37394918782950937,2.0076011625970596
2024-03-17,0.33532386342430187,0.3477313833825383,0.3477313833825383,0.339813934244563,0.31828845759399965,0.26261573879083344,0.3403574780065327,0.2725151584954511,0.0635158295825456,0.45941546202166034,0.3477313833825383,-0.5484137251539577
2024-03-18,0.7281624270180407,0.7268097249631568,0.7268097249631568,0.7261762537275009,0.691147802012064,0.5449657063734864,0.7310431709427679,0.5717726271143942,0.13877477802256627,0.42050170776993256,0.7268097249631568,0.11081990795869187
2024-03-19,0.477857097961433,0.4686921272196355,0.4686921272196355,0.4900172979525441,0.45696896829132194,0.3417002046523131,0.5023903666195938,0.3972465837138624,0.10246706646089224,0.4590838468862757,0.4686921272196355,-1.0484681937450508
2024-03-20,0.4096603157797861,0.40884176402081157,0.40884176402081157,0.3974343351157193,0.41104041911431655,0.47854096494938436,0.3904284205751638,0.31700020887687724,0.0984861245724689,0.4455778350476783,0.40884176402081157,1.1960573570645183
2024-03-21,1.13505511945932,1.1758904950852365,1.1758904950852365,1.1597129757416338,1.0294151205825919,0.8392730717612252,1.190731762503707,0.9427548673393461,0.19929923390681809,0.44169249347743167,1.1758904950852365,-0.8934121214813322
2024-03-22,0.6374154487344723,0.6397148848630744,0.6397148848630744,0.6591194195441451,0.6063645590094642,0.4290224507095991,0.666936680502567,0.505484303705465,0.15146444173059276,0.4615093334861844,0.6397148848630744,-1.4088665290453548
2024-03-23,0.7266581555721786,0.8011732792130338,0.8011732792130338,0.7101462729933842,0.8023286727406522,0.7915044866580881,0.7024997016847725,0.5596906266764271,0.18122064806698712,0.4344386462604083,0.8011732792130338,0.9139565911967852
2024-03-24,0.9318927309828865,0.9624871586118974,0.9624871586118974,0.9235134118571373,0.9770277220467013,0.8782157989217138,0.8948359028834647,0.7257722087681256,0.22609533797959244,0.4531416122215819,0.9624871586118974,0.36417279282428006
2024-03-25,0.5032620570761281,0.5885012765554036,0.5885012765554036,0.5125969453448874,0.5549974560124883,0.5506080848197354,0.5272153373866303,0.41723056945634746,0.13168484710989667,0.4468994867231718,0.5885012765554036,-0.7616330913282645
2024-03-26,0.35596714541698204,0.31020403785627426,0.31020403785627426,0.359609439598053,0.27354977868893404,0.22868201225802257,0.363410493498122,0.28659166858999735,0.05995148777778238,0.433411328077291,0.31020403785627426,-0.4184108457838811
2024-03-27,0.4158642641338397,0.4167698572651999,0.4167698572651999,0.3970776713136788,0.4007205669964033,0.34049872579571266,0.383612638275038,0.3219835827447896,0.09221200213433248,0.4485769464434779,0.4167698572651999,1.7963707258334725
2024-03-28,0.4475410551733281,0.5044642029122881,0.5044642029122881,0.40985034442965623,0.45629045951682085,0.2886923697786983,0.39251016564942415,0.30907265702437353,0.09283774240692191,0.41908614424332286,0.5044642029122881,3.2820055496996985
2024-03-29,0.34377606445751235,0.30807794622751067,0.30807794622751067,0.33541252105112446,0.30543913490801294,0.23482111657156685,0.32687830174577104,0.2707483822558191,0.0703524614359961,0.45908215647451145,0.30807794622751067,0.9777347409379334
2024-03-30,0.45553608146549945,0.3602722710004971,0.3602722710004971,0.47152148802199895,0.38556438822669253,0.3435476693339005,0.4831392773949209,0.374302442116563,0.08658947131559647,0.44956898979456933,0.3602722710004971,-1.4527017215573097
2024-03-31,0.515820911921188,0.45659773102241213,0.45659773102241213,0.5057471655429716,0.45780746128790617,0.3882756341413484,0.5041016753470173,0.40472448002774736,0.10146792521471397,0.4138462082678004,0.45659773102241213,0.7867777330832116
2024-04-01,0.6117633719286527,0.5512792690767747,0.5512792690767747,0.6134278301345838,0.5236275906853396,0.2968310067460227,0.620248739623451,0.507041102289009,0.11357223305182994,0.4689321188511769,0.5512792690767747,-0.11084125804008214
2024-04-02,0.29756637454668616,0.3214891237655543,0.3214891237655543,0.3014164615219408,0.3269340341660297,0.30667369598722255,0.3026726245792243,0.24844209774085144,0.0682629541874802,0.42912581305178077,0.3214891237655543,-0.5297961951540712
2024-04-03,0.3288307305524498,0.32519333253582583,0.32519333253582583,0.33171221535245704,0.3176310653345476,0.20283312151093416,0.33455215716259057,0.26608653317200154,0.06123173544415074,0.43234356679746294,0.32519333253582583,-0.3580669371633795
2024-04-04,0.6918385421135693,0.735194265089927,0.735194265089927,0.6844124612207846,0.7362132148073524,0.6754540644153055,0.6788830769229666,0.537798324113099,0.16269637583375304,0.45106324195377084,0.735194265089927,0.4343496169560797
2024-04-05,0.9992330717248292,1.0532588163674919,1.0532588163674919,1.028334184494188,1.067781241344166,1.1023842162415443,1.0341624241742162,0.8146530728119079,0.24871804649774643,0.44121833630088303,1.0532588163674919,-1.202106346511975
2024-04-06,1.1666307133451108,1.3480754221319822,1.3480754221319822,1.1507092938098584,1.3688294943331911,2.1490665283226336,1.1522138248719036,0.9506310311516141,0.37519364854677484,0.4231476202456814,1.3480754221319822,0.5514375785505918
2024-04-07,0.6967798984422979,0.6618168140071997,0.6618168140071997,0.7120549809247579,0.6240223778520599,0.48413942504778396,0.7202065218301502,0.5929272038219058,0.12201982631197764,0.46986157157038244,0.6618168140071997,-0.901662602195797
2024-04-08,0.49623527215708463,0.5417507162847746,0.5417507162847746,0.5070064548144837,0.49811770816770934,0.39947965696251586,0.5105151693076886,0.4144292945113786,0.0972860006186632,0.4580400645512716,0.5417507162847746,-0.8926584921828453
2024-04-09,0.6649673745321725,0.6315456114233522,0.6315456114233522,0.6593266468107326,0.6892305157967362,0.7802418273404441,0.6648935878158252,0.5354683213695727,0.15780866610575625,0.40835827583925305,0.6315456114233522,0.3436453751082038
2024-04-10,1.4306499332713871,1.2447226460090763,1.2447226460090763,1.3789830182429927,1.3452947888767326,1.0073290899802383,1.3248504150879183,1.06738553676831,0.28856699648112366,0.4530889262117651,1.2447226460090763,1.442736386273874
2024-04-11,0.37469231837080985,0.38218345861176956,0.38218345861176956,0.3821198705993463,0.35740916219555663,0.3461511655204475,0.3769334095302963,0.301526214321523,0.06891949103601099,0.43678359050343124,0.38218345861176956,-0.814471472061063
2024-04-12,0.6666123846632942,0.6488012751366512,0.6488012751366512,0.6411748818875854,0.7170870497121791,0.47309743407504495,0.6271670308221228,0.5171544170184694,0.14912400411787163,0.43857723708838703,0.6488012751366512,1.5228476120267982
2024-04-13,0.6205984040891721,0.5411027049208107,0.5411027049208107,0.6330555808208111,0.5401581331731706,0.5401896234007953,0.6315658697222429,0.5155174187057181,0.11334637840121912,0.4281770593926609,0.5411027049208107,-0.8248360362405645
2024-04-14,0.4390263277618144,0.5120644584315518,0.5120644584315518,0.40704632309292815,0.44266750974377145,0.3979865525277719,0.3944228300458431,0.3253163283939644,0.09233138249745516,0.4445537522621728,0.5120644584315518,2.8555953995759764
2024-04-15,0.46741549260155424,0.4442351684674987,0.4442351684674987,0.46687474739900947,0.469804641735997,0.44823742507220043,0.4679576561567869,0.37142386329928956,0.10371923989262682,0.4417276217945031,0.4442351684674987,0.047039197615554626
2024-04-16,0.3853553380185052,0.3711228468365728,0.3711228468365728,0.3910247937995532,0.38471638240431866,0.3459608670759199,0.3862808621346877,0.3153244479416851,0.08679234860080907,0.44752351504915655,0.3711228468365728,-0.60295465272607
2024-04-17,0.691308059543112,0.6831021362625065,0.6831021362625065,0.6640111928990471,0.6524403867603388,0.5989956203652274,0.6517890020496311,0.5321378949330982,0.14841689755651483,0.43826135758815565,0.6831021362625065,1.5747179918356449
2024-04-18,0.33903137579297526,0.3451041580645382,0.3451041580645382,0.33873846042753786,0.3592911190586897,0.26263902688932417,0.3330451326145819,0.27111976673919,0.08357149636163842,0.4497234796592894,0.3451041580645382,0.035134698488963834
2024-04-19,0.40667105131702314,0.428135304597313,0.428135304597313,0.4031871078046791,0.4539718653595268,0.43172708684090355,0.3909967471008419,0.318619987435602,0.1025951182818561,0.42324961401590305,0.428135304597313,0.3470445063388308
2024-04-20,0.6048313490712265,0.6745883629218635,0.6745883629218635,0.6182848248155145,0.6867287544476989,0.6033389650918326,0.6282791063116314,0.5066606029339903,0.14378765697587392,0.44617855040798826,0.6745883629218635,-0.9150087500886664
2024-04-21,0.5220784647145055,0.47594116375239565,0.47594116375239565,0.5136005355384359,0.46411524582115776,0.41144240774800045,0.5256059993057298,0.4337002657575339,0.09847899830012552,0.4386269671738034,0.47594116375239565,0.655292232515737
2024-04-22,0.6728035654006519,0.7256200292410024,0.7256200292410024,0.6550432646456721,0.7223126865719908,0.8963349108979437,0.6385088560580153,0.5185115681091579,0.19283509951588004,0.4387681458888198,0.7256200292410024,1.0597742246192097
2024-04-23,0.36830315516047324,0.37700161505603375,0.37700161505603375,0.3586739141386093,0.39216626107052194,0.3898521428202693,0.3543822096821278,0.28539339626037763,0.08581255277569641,0.42753799255703473,0.37700161505603375,1.0497684470059752
2024-04-24,0.3717551658029537,0.31374290709305735,0.31374290709305735,0.35454921938010436,0.3557939950833221,0.3595434638427552,0.3454713566855425,0.2781252574059733,0.08422859414109947,0.4372230817895159,0.31374290709305735,1.8393942835812171
2024-04-25,0.7481450545851414,0.7151022734214127,0.7151022734214127,0.7458517142763718,0.7306701094454128,0.5392233081103035,0.7402286693067769,0.5997238353939547,0.1612607877623795,0.44843920797315895,0.7151022734214127,0.12451972926927653
2024-04-26,1.110969918567112,0.9401735077527904,0.9401735077527904,1.1028957548099754,1.0385492845631528,0.8035801653050718,1.0596233667672623,0.8847745269080616,0.23828057574578596,0.48088598038379515,0.9401735077527904,0.2946021040452215
2024-04-27,0.3795650668831407,0.3370971735123664,0.3370971735123664,0.37716566860993717,0.3079534325378916,0.15450672885814726,0.38037671249549776,0.30355525872561995,0.05476497843188426,0.4280407718599667,0.3370971735123664,0.25636744123523547
2024-04-28,0.33232155874593217,0.3117232759116679,0.3117232759116679,0.3452793010502892,0.3198611799799774,0.24902198714723892,0.3505207465222795,0.2745322596717104,0.06442009000892501,0.4367895565171818,0.3117232759116679,-1.6172526770071678
2024-04-29,0.4823611308137938,0.5476568362074101,0.5476568362074101,0.48365354204948424,0.5560258836842005,0.5059547085750657,0.49035161228520147,0.38088171723105113,0.1304013572580939,0.4757484733813495,0.5476568362074101,-0.10915194094783236
2024-04-30,0.8260841584745734,0.9657961169419723,0.9657961169419723,0.8146257710013414,0.8500117186178411,0.8908637397924986,0.7920034243613951,0.6694499421347783,0.1870139120617535,0.447747565998385,0.9657961169419723,0.5604002840809029
2024-05-01,0.5468051961517556,0.472324111227449,0.472324111227449,0.5553346112643687,0.4844215273786326,0.2535912009353816,0.5590257447776782,0.4448174458888056,0.08695115528267382,0.46026139059605825,0.472324111227449,-0.639561479111447
2024-05-02,1.4382058098149262,1.608109463991447,1.608109463991447,1.40496433699838,1.6383480869958174,2.110114327721122,1.3966084623086625,1.159237518361753,0.440891628834775,0.41941155351751286,1.608109463991447,0.9294641737284
2024-05-03,0.827656864316502,0.9290001316940704,0.9290001316940704,0.8273852525464209,0.903956691289372,1.0856384185497008,0.800571357421638,0.6401491271619766,0.22446337753995568,0.43901225575269937,0.9290001316940704,0.013348996441998958
2024-05-04,0.3222788224335999,0.31168131560165485,0.31168131560165485,0.32659642928151666,0.32128642083508024,0.3681306744972185,0.3351191031100566,0.2671246402186704,0.07748789242092594,0.4660617658343362,0.31168131560165485,-0.5486967553641712
2024-05-05,0.41150096998944763,0.4012893987380987,0.4012893987380987,0.3805003781961684,0.43247453781357975,0.3951287546323376,0.39053433235006524,0.3101125678478746,0.09574951285799876,0.43954926777797726,0.4012893987380987,2.949482358416045
2024-05-06,0.838381875268042,0.8781429325870415,0.8781429325870415,0.8431120921538949,0.7502320309751697,1.0825398014539842,0.8453376823285251,0.6685044353847555,0.19425708063877584,0.49310530893050536,0.8781429325870415,-0.23018882179490727
2024-05-07,0.34902398580931676,0.31456663616545544,0.31456663616545544,0.3483382287707327,0.3104888951625348,0.261492170275964,0.34235148428271917,0.27886967377641275,0.061465363653176425,0.45279062642232265,0.31456663616545544,0.07985640636276357
2024-05-08,0.3906901823973834,0.3671337964427181,0.3671337964427181,0.3959460190098955,0.34759655848211646,0.3873063374973475,0.40084081357732937,0.32298171425838756,0.08661795826440688,0.44987591336478483,0.3671337964427181,-0.5509883456925994
2024-05-09,0.4473934788747988,0.48221054712394584,0.48221054712394584,0.4373313124501657,0.47843125218484533,0.4156327750862484,0.4370568725214016,0.360679681859395,0.09507202078813107,0.4483240071983224,0.48221054712394584,0.9047154731178872
2024-05-10,0.47374674162084235,0.4712636220876084,0.4712636220876084,0.4390833507425125,0.49441091490152056,0.4435344165949855,0.4181492072777525,0.3369383171341458,0.1117965803578055,0.45120965649073763,0.4712636220876084,2.8678745186001646
2024-05-11,0.41787225132253786,0.41430053022269364,0.41430053022269364,0.39718938558998773,0.4170758101658432,0.34594599338275206,0.38615605975753164,0.33517014082091934,0.09772959662510101,0.4232766123908841,0.41430053022269364,1.9638382891939068
2024-05-12,0.5871463967030716,0.5737907202849841,0.5737907202849841,0.5331920446924369,0.583246296064009,0.4558362048522132,0.5091688317951015,0.4147110405602324,0.133627605681021,0.4664277732585029,0.5737907202849841,3.566765383572592
2024-05-13,0.4287119928676421,0.47545908204419113,0.47545908204419113,0.42342171658472966,0.4449025277798958,0.4225344283210125,0.4205603346243917,0.35217431963391743,0.1041386267155267,0.4355433110192848,0.47545908204419113,0.49893785774089106
2024-05-14,0.5352414530425814,0.5226431655459455,0.5226431655459455,0.5436089656940402,0.5392193719096947,0.571472424696933,0.5414933982959705,0.43532783548680815,0.13750774779071387,0.44496441957411204,0.5226431655459455,-0.640987786043234
2024-05-15,0.35336249237068545,0.3679053031839725,0.3679053031839725,0.3459772005092968,0.3546960829019101,0.2547726679352192,0.3396170890445906,0.2689625191171169,0.0707334681245243,0.45843926648624456,0.3679053031839725,0.8414078637706989
2024-05-16,0.5145636343396828,0.474272148787083,0.474272148787083,0.5201202869156433,0.4957915597900121,0.403914356989852,0.51133987311189,0.4153675381778205,0.11157318436966285,0.4430994469715137,0.474272148787083,-0.4417071078712007
2024-05-17,0.36761437417892245,0.3637650552625303,0.3637650552625303,0.3746839973681591,0.36371905013712696,0.31914146168807045,0.37477200306425207,0.295162325274883,0.07762212686255215,0.43476638910066057,0.3637650552625303,-0.78991694346083
2024-05-18,1.03689041541622,1.0251668567328305,1.0251668567328305,1.027611175762051,1.0868956382708992,1.1997248352952607,1.0425699241621287,0.8648137923193641,0.26858946052028865,0.45919303304308895,1.0251668567328305,0.36245451770050285
2024-05-19,0.5968975378327875,0.6497060882264907,0.6497060882264907,0.5758298803192067,0.6073505519184517,0.5757411380323447,0.5644810912785392,0.4547506605274444,0.13068688050203559,0.4643439455051789,0.6497060882264907,1.4106048664712871
2024-05-20,0.49694412149137124,0.46736966878598285,0.46736966878598285,0.4797546601582127,0.4528026089403526,0.37203848467500494,0.4707796172399519,0.3972557397113587,0.09103146250330751,0.4378198463989459,0.46736966878598285,1.3829275302848183
2024-05-21,0.3723188108174458,0.35678162195051777,0.35678162195051777,0.36749726233892815,0.3232568524523994,0.24342982934958338,0.3662140940782556,0.29506666650057733,0.07088013205324027,0.4601789621748929,0.35678162195051777,0.5234460979872888
2024-05-22,0.5211780407294979,0.5436457718717534,0.5436457718717534,0.5048122005951644,0.5586963020285248,0.5121349973229851,0.49456771630983837,0.4086278530856341,0.12766759305661585,0.4518737894158477,0.5436457718717534,1.2574795785625852
2024-05-23,1.1766478096791848,1.20398292493931,1.20398292493931,1.2129124544997554,1.1646937442910041,0.9175540677382311,1.2575595524107586,0.9922383744298884,0.27536749179617487,0.44349312276493824,1.20398292493931,-1.273210052109167
2024-05-24,0.8256265367275737,0.7614020760057598,0.7614020760057598,0.8511486657659574,0.8082869744113492,0.6711544310592822,0.8689819507970219,0.7055585316931311,0.171325046310543,0.48778822917385933,0.7614020760057598,-1.2770740501482998
2024-05-25,0.5271618802750027,0.567547740511339,0.567547740511339,0.5406674570552169,0.5584252377458372,0.5236224217004568,0.5586152615793583,0.4311553359674161,0.14070190341108127,0.4097348499368545,0.567547740511339,-1.0556467428153544
2024-05-26,0.4004811519008094,0.38757432985372925,0.38757432985372925,0.40556292413625944,0.40178572762037745,0.3006119590441291,0.40019710960391525,0.3262349942907592,0.09051184094698192,0.428483991536073,0.38757432985372925,-0.5195190149795639
2024-05-27,1.0394931759158172,1.0447687909070353,1.0447687909070353,1.0718375108940212,1.0837948040049654,0.9605421964308921,1.0902288082842662,0.8802401904068649,0.24574628453861996,0.455502260067303,1.0447687909070353,-1.2855910045761574
2024-05-28,0.29337994462920797,0.2683209370567033,0.2683209370567033,0.29331147452094425,0.2579795551153311,0.19480006557652454,0.28916100904996833,0.24048402170162966,0.05271614031015572,0.4464809249049887,0.2683209370567033,0.009493831740614479
2024-05-29,1.1708260767373249,1.2128320836101096,1.2128320836101096,1.1787021892853342,1.2072314730962816,1.172064714664673,1.1865400429646848,0.9244396697477616,0.28683714615712896,0.4191987717608098,1.2128320836101096,-0.27459930815589906
2024-05-30,0.4327930265983625,0.34832995084690443,0.34832995084690443,0.43922673150924074,0.3933323842096465,0.30449451898254554,0.45051366418746847,0.362801465335208,0.08221868954001263,0.44231322639009607,0.34832995084690443,-0.6092823224413031
2024-05-31,0.3164755805978592,0.32039546453802104,0.32039546453802104,0.30605944953245107,0.31672854332526423,0.2818638233748201,0.309064852269406,0.24965138332307427,0.06548710742755377,0.4385426230768516,0.32039546453802104,1.3169868655750316
2024-06-01,0.38269890069693313,0.424457667015119,0.424457667015119,0.3804399897710897,0.4314025151407484,0.42813774979737007,0.3858768716153733,0.31573329630665825,0.09696543173161118,0.43020617085999946,0.424457667015119,0.2394307285035736
2024-06-02,0.3954795249359765,0.375965623032143,0.375965623032143,0.3989133696674411,0.36218312200220254,0.34351909668129915,0.41104855283710945,0.3299743608601319,0.08373362377542623,0.43086352588413396,0.375965623032143,-0.35478040176974357
2024-06-03,0.35334817907290794,0.3913843682655731,0.3913843682655731,0.3527617705424869,0.41745396516083955,0.3679567785470462,0.35425219674156183,0.28845968908335856,0.10194274142557787,0.4468271439962925,0.3913843682655731,0.06746189235345232
2024-06-04,0.9668750684201116,1.067652086145525,1.067652086145525,0.9749409849346817,1.0240807437054182,1.0194300237968013,0.9838362775159705,0.7921681555381521,0.25448450210429374,0.45571425889527933,1.067652086145525,-0.3408102989615303
2024-06-05,0.522012653905831,0.5929472992489954,0.5929472992489954,0.5235834788511475,0.5880372390019922,0.4165535739809964,0.5313657593749919,0.42191929441958614,0.12768671680556812,0.43874324166412876,0.5929472992489954,-0.12260870923127162
2024-06-06,0.6120093857415935,0.7066127803223159,0.7066127803223159,0.6112433617791616,0.6785649441389751,0.8064328518616026,0.6086969119321145,0.48720320400500283,0.1652427831771289,0.4375006775062778,0.7066127803223159,0.05089018318867206
2024-06-07,0.30608551751487495,0.31085190309244515,0.31085190309244515,0.3021775843149079,0.2913969559410997,0.28911089015396446,0.3037557692460333,0.243137849137353,0.06198277851613723,0.4431725021964423,0.31085190309244515,0.5161128417175036
2024-06-08,0.42755462896078383,0.4151225397533516,0.4151225397533516,0.3948100665022341,0.4166018880818475,0.3793928656482413,0.38817490222635204,0.31858653160834355,0.09468815043018719,0.47251271279236323,0.4151225397533516,2.9964845847613732
2024-06-09,0.5413965733823668,0.4945208308878603,0.4945208308878603,0.49836109391858585,0.5274494833427169,0.3796486058792846,0.4930983471140889,0.39537668724928005,0.10904780887455001,0.4179322400569415,0.4945208308878603,3.105413210181211
2024-06-10,0.4129507326222471,0.4179838114611445,0.4179838114611445,0.4373759790257547,0.40407121820742486,0.2564136767097744,0.44865394244218876,0.3497395239832869,0.0791133752433658,0.43720049744721906,0.4179838114611445,-2.477535680586933
2024-06-11,0.7188786167703595,0.8143737593988045,0.8143737593988045,0.7030259430439375,0.799494786566456,0.7018039695040461,0.6966576101960259,0.5522349903253466,0.1914605465714668,0.4102270752912815,0.8143737593988045,0.8872652264074087
2024-06-12,0.511263474094247,0.514254728904523,0.514254728904523,0.46698404216000694,0.5134481639067933,0.3926239340275018,0.4491560462888637,0.3675347345840311,0.10852034616726794,0.44280164494606344,0.514254728904523,3.3709544569439727
2024-06-13,0.4306465454972539,0.43350464080825785,0.43350464080825785,0.4323087653675765,0.4277954409404803,0.32998370093629387,0.4361271696403614,0.3544001798298059,0.08508634351732698,0.42003992245562105,0.43350464080825785,-0.15733540555630648
2024-06-14,0.6360006089970175,0.6399576702866732,0.6399576702866732,0.5482380972358398,0.7145952741807922,0.7144200486353364,0.5191012799732202,0.41748418743898885,0.15559309391267973,0.4751198372542624,0.6399576702866732,5.226667308739339
2024-06-15,0.4549166249377008,0.487882531742466,0.487882531742466,0.4527819319967638,0.4721722341206894,0.5285761867685252,0.4449396494805585,0.37142945203870703,0.10943854849626057,0.44293125925728055,0.487882531742466,0.19046056406090836
2024-06-16,0.33616326358054116,0.3460521785774993,0.3460521785774993,0.3075416427982166,0.3677690235331835,0.1998511192581549,0.29002503184880973,0.2409273811387081,0.06599107775052779,0.4308067292353342,0.3460521785774993,3.316440148642124
2024-06-17,0.360961063430105,0.36469802863799095,0.36469802863799095,0.35113452013160934,0.3502137430741638,0.38235380203899716,0.3434155693912908,0.2842761208684583,0.0824410893674762,0.4387277407865645,0.36469802863799095,1.0924711415188737
2024-06-18,0.3329368833689532,0.35176236425714125,0.35176236425714125,0.32847663506815417,0.3322452556485333,0.24421155881088433,0.3308673675606164,0.26944026252114694,0.06202349846351914,0.4482621529489619,0.35176236425714125,0.541377133262042
2024-06-19,0.42332450235766594,0.42908315965988186,0.42908315965988186,0.431134786088264,0.38904191771794405,0.3566027722243224,0.4352778369567616,0.35162320830084615,0.07629675124034184,0.4274524990854798,0.42908315965988186,-0.7575355132211012
2024-06-20,0.3855451295720028,0.4065388344808814,0.4065388344808814,0.3846070726530283,0.4277957787112579,0.25611340309605585,0.38631663501769997,0.31658213691716525,0.09361052529776079,0.448389970277535,0.4065388344808814,0.09886599335792848
2024-06-21,1.2417588782449502,1.1299651111565396,1.1299651111565396,1.2707258444797083,1.2210952697511153,1.4521013041171682,1.2977810285622737,1.037938559452572,0.32682408014474834,0.4293683609971138,1.1299651111565396,-0.9601155848439865
2024-06-22,0.5987908435082858,0.6929753856500575,0.6929753856500575,0.599427426189955,0.6651563520965342,0.531303671222171,0.5918736904674923,0.49810712628433423,0.17172828153972697,0.4210318681628093,0.6929753856500575,-0.043274502058792956
2024-06-23,0.587016305718779,0.6408775706220581,0.6408775706220581,0.5212274966227329,0.600608426866621,0.39649079358553946,0.5275298271478375,0.4182897121203689,0.10594700241852528,0.4371301616239345,0.6408775706220581,4.304063106535265
2024-06-24,1.0886615808143023,1.1235270807314586,1.1235270807314586,1.0855422790342728,1.1304948453655537,1.1640322819849165,1.1031333546158295,0.8821814333513562,0.2697337571244949,0.462487279215907,1.1235270807314586,0.11640281575371335
2024-06-25,0.3032331176548852,0.3129960113084754,0.3129960113084754,0.2876074299346861,0.3298590078094647,0.2217249094265531,0.2771370925735359,0.23261101667958728,0.06234745181969265,0.4393628992679105,0.3129960113084754,2.0424328857008933
2024-06-26,0.31959241282002704,0.28783200997932,0.28783200997932,0.32103621536668714,0.30735685196680157,0.29972290213432495,0.324180158205547,0.26070517194270715,0.0642095212758897,0.4334594592581014,0.28783200997932,-0.18420984998228232
2024-06-27,0.3847646500273241,0.35992444309991994,0.35992444309991994,0.38495792639241333,0.3570175899913352,0.4398556623543587,0.38333700270725635,0.3065095428820671,0.0848440880494362,0.4613281917133258,0.35992444309991994,-0.0204415709614946
2024-06-28,0.5729583572195814,0.5662615915458157,0.5662615915458157,0.587057300381925,0.5146278569164,0.3474808077991116,0.5931013371368682,0.4704370768352072,0.09887753706067863,0.4374493092500241,0.5662615915458157,-1.013435044682124
2024-06-29,0.634907653858288,0.5657818280717516,0.5657818280717516,0.6168336481535596,0.5391601364921288,0.4490508153073054,0.610593582847347,0.49639682087361237,0.1078765703959253,0.42957309278543754,0.5657818280717516,1.1416671271420993
2024-06-30,0.44037968158202406,0.4603738105762364,0.4603738105762364,0.43997676033484523,0.4440895735060236,0.44176035570497724,0.44861049303073297,0.36398105207515125,0.095943290158346,0.41346869299557804,0.4603738105762364,0.037206240920975846
2024-07-01,0.46925313650074274,0.4751821100123004,0.4751821100123004,0.47392759146705926,0.5036144099531361,0.4740728941077161,0.4679805394249116,0.366365512566218,0.1276199120942783,0.441873288845542,0.4751821100123004,-0.4072894438561694
2024-07-02,0.7791497487549242,0.7190615158896366,0.7190615158896366,0.8055151129222923,0.6764938803842531,0.522008232855586,0.8338452313465189,0.6376536785647068,0.1404480555173141,0.4603178914164236,0.7190615158896366,-1.3999771795465414
2024-07-03,0.34642894503652616,0.3647362678897855,0.3647362678897855,0.35111144222739493,0.3567892324616138,0.25767891280665206,0.35328197557089724,0.2798523160743068,0.06275464329005419,0.4429860033108032,0.3647362678897855,-0.5536179529016056
2024-07-04,1.2504576694337062,1.284022633609624,1.284022633609624,1.309207188398436,1.2694454677135245,1.3471642569469888,1.3632905508122766,1.0413279894883383,0.27950519902317317,0.40929265762396505,1.284022633609624,-1.9563252301591414
2024-07-05,0.35353917320443407,0.3138577420731678,0.3138577420731678,0.3480165782563753,0.3494796808163194,0.20636195984381572,0.3450736874276561,0.2812817823593258,0.06597236921407267,0.44533080902660155,0.3138577420731678,0.6305534712755706
2024-07-06,0.4194616217915411,0.44538373874800175,0.44538373874800175,0.39603173834157984,0.42859445890927783,0.3673306259299615,0.38945762267061884,0.32203104555610923,0.08821325781618351,0.42429320961076805,0.44538373874800175,2.2090101852076365
2024-07-07,0.36541039607088344,0.3226132390806099,0.3226132390806099,0.3482569936050883,0.3153349067727771,0.2915698215918579,0.34222431482452564,0.29435559111231707,0.0695776362202755,0.425175476227513,0.3226132390806099,1.86498763184219
2024-07-08,0.36371283721399195,0.3347367570230925,0.3347367570230925,0.35599470929657745,0.34639504345341,0.31464301503821307,0.35654813544794206,0.2910213191474266,0.07463504268782226,0.43283515845166576,0.3347367570230925,0.854166222081249
2024-07-09,1.2313877428798068,1.2210818056902035,1.2210818056902035,1.2106074102647155,1.2440577136934368,1.222384129509678,1.195069599862376,1.00494335201252,0.29191665769175495,0.45929264715892304,1.2210818056902035,0.6807682045236197
2024-07-10,0.5594110021124928,0.5788433835077291,0.5788433835077291,0.5563362495446981,0.5793229833036695,0.4652485054688265,0.5483243925224419,0.44098811248688674,0.12110161154258008,0.45581015970323413,0.5788433835077291,0.22300038643834863
2024-07-11,0.43459239324290105,0.44517938068816315,0.44517938068816315,0.43715071721277104,0.4690618915305035,0.5834875123100722,0.4451664443974864,0.3606475111948508,0.11850099867133004,0.4589109260915495,0.44517938068816315,-0.24019913921908986
2024-07-12,0.6798451232312985,0.6629423608061655,0.6629423608061655,0.6786285376268802,0.661850028810628,0.6884293361627991,0.6924301667873051,0.5733784983092604,0.16292555036805365,0.43387308314812123,0.6629423608061655,0.07273870194769548
2024-07-13,0.6886567469108881,0.6497198278966682,0.6497198278966682,0.6906470718550985,0.7012151666275221,0.4554977978696456,0.708340374692884,0.5587895812685922,0.16107570258143308,0.44066561928289816,0.6497198278966682,-0.11775244544609437
2024-07-14,0.3347632101105577,0.36678693380516275,0.36678693380516275,0.32369361800807234,0.36510204647776906,0.34982839180552217,0.3126281465199344,0.2583972196009369,0.07554720628621076,0.426024698359819,0.36678693380516275,1.3230464757743787
2024-07-15,0.43237243127901304,0.3704867284938605,0.3704867284938605,0.4432557188029958,0.3826887726928203,0.37250536724208033,0.4547685191494275,0.365632345313585,0.0859200499216159,0.4639737303782794,0.3704867284938605,-1.0369443561801128
2024-07-16,0.3585894092349413,0.3670706017236654,0.3670706017236654,0.3525966118520625,0.3688901980649732,0.271304389248444,0.3382574669993451,0.28338712941892436,0.0860032049678622,0.42196007519781153,0.3670706017236654,0.6742322355883571
2024-07-17,1.1470169246032311,1.1879750156701903,1.1879750156701903,1.1379451701061498,1.1970170149273338,1.1698559037571403,1.1077799328274107,0.8894698197676021,0.24574077157365157,0.4542034483301821,1.1879750156701903,0.32049573941231835
2024-07-18,0.773350232373829,0.8245938319039993,0.8245938319039993,0.8086028908461862,0.8595856497509327,0.55120684218482,0.8318569906455373,0.663763638310698,0.1698260314946232,0.42215047655453697,0.8245938319039993,-1.8968136538211273
2024-07-19,0.526091228322,0.46011014936240935,0.46011014936240935,0.5145009758987743,0.5536531281360463,0.6181637965094463,0.5053595835221444,0.41059899115624315,0.1240320155524654,0.4754179460578193,0.46011014936240935,0.8864269779547419
2024-07-20,0.8724518024331936,0.7443281525715031,0.7443281525715031,0.9040365178716403,0.7712881314895469,0.7548646211152668,0.9203480762073954,0.7359043660682383,0.17699532688115932,0.4206512459163863,0.7443281525715031,-1.4995054918064332
2024-07-21,0.5666646401450689,0.5359813788549914,0.5359813788549914,0.5548770317732903,0.510969363182355,0.5619217383587561,0.5553347309080733,0.4464345330359873,0.1190966039606295,0.42688271996348914,0.5359813788549914,0.8374916976067635
2024-07-22,0.5530694991149859,0.5895516590392813,0.5895516590392813,0.5224109230473448,0.5494430991486156,0.4899518020163118,0.5259465822858436,0.41103354394007885,0.12499202930815222,0.44776785297312044,0.5895516590392813,2.192737764515415
2024-07-23,0.4497184684371942,0.39840186429920177,0.39840186429920177,0.4483795564680466,0.40078244422761805,0.3786578392861148,0.4424591634172267,0.36341580679076235,0.09195608778563041,0.41961795625799386,0.39840186429920177,0.1209444498590446
2024-07-24,0.4825602630133302,0.4693307596054568,0.4693307596054568,0.49621327848783614,0.44169384617603374,0.40918317554376754,0.507471296003834,0.4059348593401144,0.09871961264189999,0.435816478151959,0.4693307596054568,-1.1673452333227732
2024-07-25,0.6909848908886851,0.5958319736378727,0.5958319736378727,0.6652098611436228,0.6065019847937224,0.4423537834864677,0.6581666318359787,0.5366461692129424,0.12231005982373896,0.4358120019747985,0.5958319736378727,1.4892779393595486
2024-07-26,0.5295086837839746,0.5080128048952923,0.5080128048952923,0.5538271783686393,0.492862120060448,0.4018830951584848,0.566143126300362,0.4414668176339358,0.1132767185764538,0.4528273803956502,0.5080128048952923,-1.911372165662977
2024-07-27,0.3192257136384951,0.31921918622849943,0.31921918622849943,0.30549842552450857,0.28960601680353815,0.23421124737517882,0.2932353631266714,0.23530939998447026,0.06380010222174787,0.433116546748291,0.31921918622849943,1.7118626925790021
2024-07-28,0.4555950784334487,0.46788616986138176,0.46788616986138176,0.44577189430154157,0.4852296378603643,0.45637664087119295,0.43983218540214253,0.35793005445626175,0.10563329747719917,0.47100765051492033,0.46788616986138176,0.8677357729093464
2024-07-29,0.3132717785380928,0.3149045848660194,0.3149045848660194,0.3154948088969347,0.28907457351565663,0.3231938763951399,0.3214260126049634,0.25409771022776656,0.06832023014481903,0.4630587155491249,0.3149045848660194,-0.28972363649025634
2024-07-30,0.38134801401339585,0.3891017284018046,0.3891017284018046,0.38246261675254223,0.38478094441149574,0.33716972989019484,0.38496262838733536,0.31376115643185926,0.09319936579219691,0.4627800945953667,0.3891017284018046,-0.11908428424323414
2024-07-31,0.7691301532771088,0.7750284436468308,0.7750284436468308,0.75654096901783,0.8158287071788675,0.5404756309439565,0.733822930480742,0.6347352517886723,0.15575870739688968,0.45130941663731416,0.7750284436468308,0.6604659980758979
2024-08-01,0.8292498388850004,0.7809837161757086,0.7809837161757086,0.8305428638921076,0.7414884472611609,0.7597776146097021,0.8453853567905564,0.6760918927062639,0.20000449269709,0.42339193683173787,0.7809837161757086,-0.06348653251244263
2024-08-02,0.4154812466587605,0.4026994993638713,0.4026994993638713,0.4240477065715764,0.39809659196953023,0.2813141554359413,0.4260398119124579,0.3528026381298046,0.08335737499362891,0.4386885385694952,0.4026994993638713,-0.8474729348334996
2024-08-03,0.3436539716645523,0.3297682619574747,0.3297682619574747,0.34163060257061095,0.3390629637991117,0.2674326900163681,0.341599925407683,0.27101805879398844,0.06935898491799272,0.451493384616815,0.3297682619574747,0.23883334273538448
2024-08-04,0.610009438271817,0.695206260629929,0.695206260629929,0.6232419154067522,0.6883677150014592,0.49440897861974886,0.6384307811611192,0.503809043892336,0.15210749260557757,0.43993214475367254,0.695206260629929,-0.892095334124998
2024-08-05,0.3700548376136788,0.3619933105221984,0.3619933105221984,0.34576178903578075,0.3314444467193939,0.30597207253340675,0.33807608174861564,0.2714239421749129,0.06927287105830532,0.43155224102453776,0.3619933105221984,2.5831120923073176
2024-08-06,0.5154421814091537,0.4884078272438925,0.4884078272438925,0.4835763263547788,0.4332219881870111,0.45936865719415526,0.4695433161628656,0.390063091798826,0.1055447292551025,0.4488863633059925,0.4884078272438925,2.4374225336442445
2024-08-07,1.5486352176357738,1.5230184839418608,1.5230184839418608,1.5935959943650402,1.303479715062743,1.0530863734866862,1.6472048945084194,1.296021605807911,0.2776479527293839,0.38194366240170363,1.5230184839418608,-1.1982992980126368
2024-08-08,0.549351179220251,0.5580171112285854,0.5580171112285854,0.5367984109989872,0.5750151172216817,0.4722109281948321,0.5393668643054532,0.43388628428915704,0.11187219394020109,0.43106683818575187,0.5580171112285854,0.9190108832856452
2024-08-09,0.3716529713781863,0.3933075621128038,0.3933075621128038,0.36116025700722926,0.41630169558972496,0.33822044923325334,0.3526485394114822,0.2829876114256811,0.0926199502628106,0.4324877219329475,0.3933075621128038,1.1323939921656352
2024-08-10,0.48051628002837066,0.5078043181280236,0.5078043181280236,0.4875424422940287,0.49847032527652535,0.4072926917362356,0.49802650258166203,0.39694358613351427,0.0987741322109878,0.4517670381181339,0.5078043181280236,-0.5992324027535975
2024-08-11,1.7992467683790276,1.775128521600056,1.775128521600056,1.8114578480136643,1.7130132372808267,2.1723377645722852,1.8292951139116052,1.4736961171021281,0.4048564800643123,0.42739568538806755,1.775128521600056,-0.2770487443376353
2024-08-12,0.8529072841149276,0.7723974490673581,0.7723974490673581,0.8398502967375335,0.7595041149990694,0.7345732763846919,0.8238960032926474,0.692491507614494,0.16190186223117645,0.45139434391872796,0.7723974490673581,0.6180530143107981
2024-08-13,0.36593518301795774,0.37365078456127065,0.37365078456127065,0.35670832597527774,0.3657640128702329,0.28267941059818125,0.3525779185371414,0.28613005055139373,0.08495486529790784,0.4242202826071353,0.37365078456127065,1.012887445321674
2024-08-14,0.48058468576722163,0.48497614790232546,0.48497614790232546,0.4758756162577284,0.5310401457991385,0.6018752976931244,0.4833017426376723,0.38507820277631627,0.12574289550808657,0.45318628576063724,0.48497614790232546,0.3966923444356634
2024-08-15,0.4822918533840764,0.48496340722253484,0.48496340722253484,0.49755501511432737,0.4638498332188516,0.3205138619474796,0.5102659084248325,0.3985901743605152,0.09587577160617891,0.42897262284188037,0.48496340722253484,-1.3078998408297435
2024-08-16,0.40167098309793703,0.42987239120919546,0.42987239120919546,0.4138128978410549,0.43101325953870673,0.36739610042473236,0.42314454188798895,0.33571704061550384,0.09341199180534034,0.44522422830419556,0.42987239120919546,-1.2483985793362085
2024-08-17,0.4993464555509653,0.4786239259233158,0.4786239259233158,0.5067936314897028,0.5001983331387373,0.3985222509434872,0.5006932325511896,0.39962680715155924,0.10720344448732508,0.4419304993058558,0.4786239259233158,-0.6112765672784977
2024-08-18,0.3770192958249157,0.34156899970524823,0.34156899970524823,0.38375818889952795,0.3678959684922303,0.35713421960584557,0.38394134923644385,0.30935514479401516,0.07839003242341588,0.4405274441375523,0.34156899970524823,-0.7336867649229624
2024-08-19,0.48301468489022203,0.3717651623709363,0.3717651623709363,0.4693207434425446,0.3733219659348006,0.3114856490659521,0.4681381640924992,0.38472772680082673,0.08357568324765276,0.4600375818543589,0.3717651623709363,1.137075658029122
2024-08-20,0.42905564656190676,0.4032781121037293,0.4032781121037293,0.44033783227067325,0.44065614767610906,0.5434037435684356,0.4492827011966635,0.3547409319593649,0.10249084060715584,0.4422940339930127,0.4032781121037293,-1.0838620311654656
2024-08-21,0.47758459124120717,0.4532367262604659,0.4532367262604659,0.46864695930957856,0.418009694590081,0.5462754392966768,0.46978128788324397,0.3833908454150592,0.10711960313137786,0.4241671953868613,0.4532367262604659,0.7542423290349297
2024-08-22,0.5238302377373326,0.5068469477534051,0.5068469477534051,0.527189350040753,0.48914283105915113,0.5719311532285183,0.5444730962532079,0.4454453086043237,0.12146179878098838,0.43507188966933685,0.5068469477534051,-0.2617253741923061
2024-08-23,0.49071404304896304,0.5136035140462075,0.5136035140462075,0.43638134983387167,0.5138230952370296,0.43622893836054816,0.4100674819454618,0.3367320091365489,0.11572402589316977,0.42823407916932404,0.5136035140462075,4.2552032285914665
2024-08-24,0.9478831864785597,0.9459029882374864,0.9459029882374864,0.9649496057064582,0.9322518123014016,0.7569156034063321,0.9772861549527219,0.775451031909644,0.18229358996331002,0.4704618841128054,0.9459029882374864,-0.7390969369849204
2024-08-25,0.3614869445972609,0.3688846834009751,0.3688846834009751,0.35546028692113085,0.36924216322677533,0.43605547625187674,0.3528031443548444,0.2761421194220136,0.09068642234034406,0.4495430764290869,0.3688846834009751,0.6726205095144506
2024-08-26,0.6758493988435434,0.7890837992926837,0.7890837992926837,0.6871821062808636,0.7919310880689909,0.9295836000853168,0.6890296886425726,0.5518865396909254,0.1921750065017048,0.44849363275848225,0.7890837992926837,-0.6879095393306018
2024-08-27,1.6413150840714732,1.5347089831698832,1.5347089831698832,1.6770051303240716,1.7951489934786278,1.5215821905903448,1.7225841980842256,1.37233853220627,0.3912518363383555,0.4269098631519084,1.5347089831698832,-0.8942791512456415
2024-08-28,0.6356226758285449,0.6333714758916247,0.6333714758916247,0.6292064144623801,0.6435112557972934,0.5137199826179614,0.6159915539561569,0.5055541034442512,0.13667867079735363,0.43716310402375264,0.6333714758916247,0.4086078931356749
2024-08-29,0.46945976943812096,0.4536960118921067,0.4536960118921067,0.4384274350945813,0.4555118771028997,0.2779468649132826,0.4203928292031114,0.3626712516438866,0.09293541965660798,0.4394737801673096,0.4536960118921067,2.6004062600041142
2024-08-30,0.6015259243076015,0.6788361694236268,0.6788361694236268,0.6094527561745757,0.6791622712384184,0.5414208916648002,0.6213925342592653,0.48961518677501376,0.15292797903450786,0.45936542507258776,0.6788361694236268,-0.5396585595858252
2024-08-31,0.44110781707803093,0.47719203640043095,0.47719203640043095,0.43950531653535174,0.3973562748398195,0.27163512153841374,0.44074724519519026,0.36039387576357224,0.08679867596098455,0.4570250356067711,0.47719203640043095,0.1475317382135652
2024-09-01,0.5932348172464347,0.5252339098426498,0.5252339098426498,0.5802031796067294,0.49042403859276684,0.43127445122782165,0.5558954657544731,0.46095643107634254,0.10449353305476318,0.45125138110265667,0.5252339098426498,0.8838885382230023
2024-09-02,1.8599154285190327,1.9019915695942464,1.9019915695942464,1.879259863369947,2.1478652383149233,1.3051886790384937,1.8413245974803942,1.4746627279765128,0.4010839230294809,0.434485192849441,1.9019915695942464,-0.4253408568127866
2024-09-03,0.4880604201435729,0.5112427539561487,0.5112427539561487,0.4879018013885076,0.5301081994224508,0.6715399776242426,0.4836336179983303,0.38803900610229797,0.13146276975509263,0.4334843324478517,0.5112427539561487,0.01322001625211383
2024-09-04,0.31980200810424536,0.2985568980474483,0.2985568980474483,0.3084595549975326,0.2900392295879757,0.19291531856788197,0.3018280589099601,0.24576799054494322,0.058605200418174394,0.4124659464031335,0.2985568980474483,1.4173487796261126
2024-09-05,0.8185091376052236,0.6831289385524371,0.6831289385524371,0.8207777465977446,0.7354788168045362,0.709877991373531,0.8333607044768382,0.6399050262023794,0.16603559559096379,0.4393205278115818,0.6831289385524371,-0.1129169589242733
2024-09-06,0.32691788891095225,0.3068448224504138,0.3068448224504138,0.32508112322872124,0.3193165206944401,0.35079771113298747,0.31579561877868295,0.2540880853000236,0.07803129849111888,0.46183675740441665,0.3068448224504138,0.2279370623345874
2024-09-07,0.35239950513458096,0.3525502530690672,0.3525502530690672,0.35273508848350793,0.3592228526461152,0.3547453963073842,0.34809009335785157,0.2845735657544907,0.08480089986564417,0.44487729475265647,0.3525502530690672,-0.03876086582458245
2024-09-08,0.7131225258045278,0.6817159869078022,0.6817159869078022,0.7368518896413893,0.7511427159109701,0.738963000973393,0.7533218807742629,0.5876089188840715,0.19074497777961155,0.4350926783360176,0.6817159869078022,-1.3762893483413927
